,AUROC,PRAUC,BEDROC,Enrichment Factor
Model 1 test set,0.8619731800766284,0.33032023960218126,0.7253633755441277,0.8333333333333334
Model 2 test set,0.9400383141762452,0.407781567101271,0.808861614324608,0.8666666666666667
Model 3 test set,0.822663093888488,0.31443420878474954,0.6363471104982051,0.6774193548387096
All compound predictions,0.9410682993821167,0.8041508151325926,0.8820677623297888,0.8901098901098901
