,3FGU,3S41,4RCH,7T78,4ISF,4DCH,4DHY,5V4X,4NO7,3F9M,3VEY,3IDH,7T79,6E0I,3IMX,4ISE,3ID8,3VEV,3VF6,5V4W,1V4S
Conformation weight Model 1,0.06283263117074966,0.06229015439748764,0.0627194195985794,0.06515684723854065,0.034326307475566864,0.04087371379137039,0.03599238395690918,0.01867704652249813,0.03778771683573723,0.06710541248321533,0.06840437650680542,0.036439165472984314,0.05113200098276138,0.035310644656419754,0.050632793456315994,0.03147419914603233,0.03761666640639305,0.040696121752262115,0.041694436222314835,0.060937341302633286,0.057900555431842804
Best subens. Model 1,False,False,False,True,False,False,False,False,False,True,True,False,False,False,False,False,False,False,False,False,False
Conformation weight Model 2,0.04436333850026131,0.0447351448237896,0.054780248552560806,0.06675031781196594,0.04328078031539917,0.04316740110516548,0.052163589745759964,0.0473983995616436,0.02952847070991993,0.04722541198134422,0.03901243954896927,0.046343058347702026,0.02854633703827858,0.06791952252388,0.07344229519367218,0.048661597073078156,0.04239863529801369,0.05059860646724701,0.04771851748228073,0.03268814831972122,0.04927773028612137
Best subens. Model 2,False,False,False,True,False,False,False,False,False,False,False,False,False,True,True,False,False,False,False,False,False
Conformation weight Model 3,0.0566558800637722,0.05626958981156349,0.08235099911689758,0.08760253340005875,0.02600196935236454,0.043443713337183,0.05708249658346176,0.039826057851314545,0.03856712952256203,0.03310712054371834,0.04123729467391968,0.025981271639466286,0.031250324100255966,0.04151114448904991,0.04669670760631561,0.0356706939637661,0.06144053861498833,0.0385381355881691,0.030384736135601997,0.06452293694019318,0.061858613044023514
Best subens. Model 3,False,False,True,True,False,False,False,False,False,False,False,False,False,False,False,False,False,False,False,True,False
