,AUROC,PRAUC,BEDROC,Enrichment Factor
Model 1,0.8596221107055961,0.1403778892944039,0.00014116783673729998,12.276252983293555
Model 2,0.9079037408759124,0.09209625912408759,0.0023736414639517795,12.276252983293555
Model 3,0.8569799270072993,0.14302007299270073,0.002782850403253091,12.28371121718377
