,AUROC,PRAUC,BEDROC,Enrichment Factor
Model 1,0.894654805352798,0.3279902442411848,0.7486493896905511,0.25
Model 2,0.8964225973236011,0.274582667277874,0.7556695635546236,0.125
Model 3,0.8455748175182481,0.2899796614409849,0.680698036374954,0.1875
