,AUROC,PRAUC,BEDROC,Enrichment Factor
Model 1,0.8983804744525548,0.3794724858044458,0.738063457944453,0.28125
Model 2,0.8162446776155717,0.24614935868349067,0.6022878805407678,0.1875
Model 3,0.8821281934306568,0.34910862547265625,0.747105259698159,0.21875
