,3FGU,3S41,4RCH,7T78,4ISF,4DCH,4DHY,5V4X,4NO7,3F9M,3VEY,3IDH,7T79,6E0I,3IMX,4ISE,3ID8,3VEV,3VF6,5V4W,1V4S
Conformation weight Model 1,0.07544349879026413,0.06723310053348541,0.0738411471247673,0.05368949845433235,0.032023027539253235,0.03413271903991699,0.03636975958943367,0.054457858204841614,0.03595655411481857,0.039798568934202194,0.0454033762216568,0.036058541387319565,0.03706808015704155,0.06231268122792244,0.07259813696146011,0.035716503858566284,0.05637739226222038,0.03435022756457329,0.024133959785103798,0.034186769276857376,0.05884856730699539
Best subens. Model 1,True,False,True,False,False,False,False,False,False,False,False,False,False,False,True,False,False,False,False,False,False
Conformation weight Model 2,0.062202077358961105,0.0440225712954998,0.04218088835477829,0.08732311427593231,0.03897031769156456,0.03992806747555733,0.0313497930765152,0.050096120685338974,0.030696319416165352,0.04601473733782768,0.04665914177894592,0.03559157997369766,0.033430878072977066,0.050012100487947464,0.08828678727149963,0.051695775240659714,0.04425259679555893,0.03742557764053345,0.040004026144742966,0.041052479296922684,0.05880509689450264
Best subens. Model 2,True,False,False,True,False,False,False,False,False,False,False,False,False,False,True,False,False,False,False,False,False
Conformation weight Model 3,0.06032542884349823,0.036405809223651886,0.042229313403367996,0.07509972155094147,0.037234969437122345,0.044683583080768585,0.04784474894404411,0.03136091306805611,0.03525117039680481,0.05329511687159538,0.03876527026295662,0.027264798060059547,0.04317626357078552,0.06554285436868668,0.070377878844738,0.04936085641384125,0.05616743862628937,0.033602524548769,0.032983437180519104,0.06214428320527077,0.05688367784023285
Best subens. Model 3,False,False,False,True,False,False,False,False,False,False,False,False,False,True,True,False,False,False,False,False,False
