,3FGU,3S41,4RCH,7T78,4ISF,4DCH,4DHY,5V4X,4NO7,3F9M,3VEY,3IDH,7T79,6E0I,3IMX,4ISE,3ID8,3VEV,3VF6,5V4W,1V4S
Conformation weight Model 1,0.05723004788160324,0.04249885678291321,0.0506865419447422,0.04896683990955353,0.04267805814743042,0.03835480287671089,0.05401303991675377,0.04026417434215546,0.035830892622470856,0.06694209575653076,0.04903031513094902,0.039237383753061295,0.033787380903959274,0.04832731559872627,0.04459085687994957,0.03229261189699173,0.0606820248067379,0.03859758749604225,0.025290662422776222,0.06548865884542465,0.085209921002388
Best subens. Model 1,False,False,False,False,False,False,False,False,False,True,False,False,False,False,False,False,False,False,False,True,True
Conformation weight Model 2,0.06416434794664383,0.05307137593626976,0.042217135429382324,0.07757969200611115,0.029604699462652206,0.03507748618721962,0.04453442245721817,0.04647810384631157,0.03887805715203285,0.04255010560154915,0.047721073031425476,0.05138015374541283,0.029750073328614235,0.04841254651546478,0.05410856008529663,0.04993651807308197,0.04657035693526268,0.03804583474993706,0.03825570270419121,0.06487653404474258,0.05678712576627731
Best subens. Model 2,True,False,False,True,False,False,False,False,False,False,False,False,False,False,False,False,False,False,False,True,False
Conformation weight Model 3,0.061157096177339554,0.03845924884080887,0.029719023033976555,0.06991835683584213,0.0692133828997612,0.029956186190247536,0.041706621646881104,0.03526468202471733,0.045716721564531326,0.05083024501800537,0.02421010658144951,0.0485224574804306,0.04813406616449356,0.028025910258293152,0.05469342693686485,0.06276164203882217,0.047967471182346344,0.039804279804229736,0.0417943112552166,0.061763837933540344,0.07038086652755737
Best subens. Model 3,False,False,False,True,True,False,False,False,False,False,False,False,False,False,False,False,False,False,False,False,True
