,3FGU,3S41,4RCH,7T78,4ISF,4DCH,4DHY,5V4X,4NO7,3F9M,3VEY,3IDH,7T79,6E0I,3IMX,4ISE,3ID8,3VEV,3VF6,5V4W,1V4S
Conformation weight Model 1,0.0637393444776535,0.04055366292595863,0.0672735944390297,0.06565672904253006,0.022388003766536713,0.03002193756401539,0.05641192942857742,0.03775621950626373,0.045890193432569504,0.040607597678899765,0.04773273319005966,0.047370005398988724,0.045027706772089005,0.03766554221510887,0.053855251520872116,0.045521993190050125,0.0609649121761322,0.045954033732414246,0.03968427702784538,0.03818560764193535,0.06773875653743744
Best subens. Model 1,False,False,True,True,False,False,False,False,False,False,False,False,False,False,False,False,False,False,False,False,True
Conformation weight Model 2,0.07304715365171432,0.05138244852423668,0.035309772938489914,0.049441657960414886,0.08360712975263596,0.03384702280163765,0.055191878229379654,0.030114350840449333,0.037326961755752563,0.061195846647024155,0.0522901751101017,0.036530207842588425,0.026734089478850365,0.04275106266140938,0.04495489224791527,0.035919949412345886,0.053101006895303726,0.03930838778614998,0.03852124512195587,0.04477318376302719,0.0746515765786171
Best subens. Model 2,True,False,False,False,True,False,False,False,False,False,False,False,False,False,False,False,False,False,False,False,True
Conformation weight Model 3,0.07548368722200394,0.04644639790058136,0.058034397661685944,0.0667656660079956,0.041756030172109604,0.04212137684226036,0.051981121301651,0.028706295415759087,0.0456293486058712,0.05248745530843735,0.03281807899475098,0.051537830382585526,0.051891617476940155,0.025321532040834427,0.062230467796325684,0.05036884918808937,0.06625079363584518,0.019606510177254677,0.03291827067732811,0.04002423211932182,0.05762002244591713
Best subens. Model 3,True,False,False,True,False,False,False,False,False,False,False,False,False,False,False,False,True,False,False,False,False
